<?xml version="1.0" encoding="UTF-8"?>
<lom xmlns="http://ltsc.ieee.org/xsd/LOM" xmlns:xsi="http://www.w3.org/2001/XMLSchema-instance" xsi:schemaLocation="http://ltsc.ieee.org/xsd/LOM lomCustom.xsd"><general uniqueElementName="general"><identifier><catalog uniqueElementName="catalog">My Catalog</catalog><entry uniqueElementName="entry">4a7d755e-34a5-410a-a7d4-601881136623</entry></identifier><title uniqueElementName="title"><string language="es">Web 2.0 , Web Semántica y El momento actual  de las proyecciones futuras de los avances tecnológicos</string><string language="es">Web 2.0, Web Semántica y El momento actual las proyecciones futuras de los avances tecnológicos.</string></title><language>es</language><description><string language="es">A través de todas las actividades presentadas en diferentes herramientas el estudiante podrá adquirir nuevos conocimientos y de forma significativa.</string></description><description><string language="es">A través de todas las actividades presentadas en diferentes herramientas el estudiante podrá adquirir nuevos conocimientos y de forma significativa.</string></description><aggregationLevel uniqueElementName="aggregationLevel"><source uniqueElementName="source">LOM-ESv1.0</source><value uniqueElementName="value">2</value></aggregationLevel></general><lifeCycle uniqueElementName="lifeCycle"><contribute><role uniqueElementName="role"><source uniqueElementName="source">LOM-ESv1.0</source><value uniqueElementName="value">author</value></role><entity>BEGIN:VCARD VERSION:3.0 FN:Noris Lay EMAIL;TYPE=INTERNET: ORG: END:VCARD</entity><date uniqueElementName="date"><dateTime uniqueElementName="dateTime">2019-05-11T21:10:27.00-05:00</dateTime><description><string language="es">Fecha de creación de los metadatos</string></description></date></contribute></lifeCycle><metaMetadata uniqueElementName="metaMetadata"><contribute><role uniqueElementName="role"><source uniqueElementName="source">LOM-ESv1.0</source><value uniqueElementName="value">creator</value></role><entity>BEGIN:VCARD VERSION:3.0 FN:Noris Lay EMAIL;TYPE=INTERNET: ORG: END:VCARD</entity><date uniqueElementName="date"><dateTime uniqueElementName="dateTime">2019-05-11T20:55:50.00-05:00</dateTime><description><string language="es">Fecha de creación de los metadatos</string></description></date></contribute><metadataSchema>LOM-ESv1.0</metadataSchema><language>es</language></metaMetadata><technical uniqueElementName="technical"><otherPlatformRequirements><string language="es">editor: eXe Learning</string></otherPlatformRequirements></technical><educational><learningResourceType><source uniqueElementName="source">LOM-ESv1.0</source><value uniqueElementName="value">individual/cooperative/collaborative learning/working management tool</value></learningResourceType><learningResourceType><source uniqueElementName="source">LOM-ESv1.0</source><value uniqueElementName="value">guided reading</value></learningResourceType><intendedEndUserRole><source uniqueElementName="source">LOM-ESv1.0</source><value uniqueElementName="value">learner</value></intendedEndUserRole><context><source uniqueElementName="source">LOM-ESv1.0</source><value uniqueElementName="value">distance</value></context><context><source uniqueElementName="source">LOM-ESv1.0</source><value uniqueElementName="value">real environment</value></context><description><string language="es">CONOCIMIENTO PREVIO: Debe leer y observar cada actividad propuesta para su aprendizaje.</string></description><description><string language="es">OBJETIVOS: Con la creación del objeto de aprendizaje se pretende desarrollar y fortalecer los conocimientos, competencias y habilidades para un desenvolvimiento eficiente en el aprendizaje de la asignatura los avances tecnológicos, mediante la implementación de un entorno virtual, que consiste en un espacio educativo de aprendizaje alojado en la web, conformado por un conjunto de herramientas informáticas que posibilitan la interacción didáctica.</string></description><language>es</language></educational><rights uniqueElementName="rights"><copyrightAndOtherRestrictions uniqueElementName="copyrightAndOtherRestrictions"><source uniqueElementName="source">LOM-ESv1.0</source><value uniqueElementName="value">creative commons: attribution - share alike</value></copyrightAndOtherRestrictions><access uniqueElementName="access"><accessType uniqueElementName="accessType"><source uniqueElementName="source">LOM-ESv1.0</source><value uniqueElementName="value">universal</value></accessType><description><string language="es">Default</string></description></access></rights></lom>