<?xml version="1.0" encoding="UTF-8"?>
<!-- Generated by eXe - http://exelearning.net -->
<manifest identifier="eXeecto_Final5c40b7802445c8f8c91" 
xmlns:xsi="http://www.w3.org/2001/XMLSchema-instance" 
xmlns:adlcp="http://www.adlnet.org/xsd/adlcp_v1p3" 
xmlns:adlseq="http://www.adlnet.org/xsd/adlseq_v1p3" 
xmlns:adlnav="http://www.adlnet.org/xsd/adlnav_v1p3" 
xmlns:imsss="http://www.imsglobal.org/xsd/imsss" 
xmlns:lom="http://ltsc.ieee.org/xsd/LOM" 
xmlns:lomes="http://ltsc.ieee.org/xsd/LOM" 
xmlns="http://www.imsglobal.org/xsd/imscp_v1p1" 
xsi:schemaLocation="http://www.imsglobal.org/xsd/imscp_v1p1 imscp_v1p1.xsd http://ltsc.ieee.org/xsd/LOM lomCustom.xsd http://www.adlnet.org/xsd/adlcp_v1p3 adlcp_v1p3.xsd  http://www.imsglobal.org/xsd/imsss imsss_v1p0.xsd  http://www.adlnet.org/xsd/adlseq_v1p3 adlseq_v1p3.xsd http://www.adlnet.org/xsd/adlnav_v1p3 adlnav_v1p3.xsd"> 
<metadata> 
 <schema>ADL SCORM</schema> 
 <schemaversion>2004 3rd Edition</schemaversion> 
 <adlcp:location>imslrm.xml</adlcp:location> 
</metadata> 
<organizations default="eXeecto_Final5c40b7802445c8f8c92">  
    <organization identifier="eXeecto_Final5c40b7802445c8f8c92" structure="hierarchical">
        <title>Web 2.0, Web Semántica y El momento actual las proyecciones futuras de los avances tecnológicos.</title>
<item identifier="ITEM-eXeecto_Final5c40b7802445c8f8c93" isvisible="true">
    <title>Inicio</title>
<item identifier="ITEM-eXeecto_Final5c40b7802445c8f8c94" isvisible="true" identifierref="RES-eXeecto_Final5c40b7802445c8f8c95">
    <title>&lt;-</title>
</item>
<item identifier="ITEM-eXeecto_Final5c40b7802445c8f8c96" isvisible="true">
    <title>Avances Tecnológicos</title>
<item identifier="ITEM-eXeecto_Final5c40b7802445c8f8c97" isvisible="true" identifierref="RES-eXeecto_Final5c40b7802445c8f8c98">
    <title>&lt;-</title>
</item>
<item identifier="ITEM-eXeecto_Final5c40b7802445c8f8c99" isvisible="true">
    <title>Tema N°1	Aplicaciones web 2.0</title>
<item identifier="ITEM-eXeecto_Final5c40b7802445c8f8c9a" isvisible="true" identifierref="RES-eXeecto_Final5c40b7802445c8f8c9b">
    <title>&lt;-</title>
</item>
<item identifier="ITEM-eXeecto_Final5c40b7802445c8f8c9c" isvisible="true" identifierref="RES-eXeecto_Final5c40b7802445c8f8c9d">
    <title>Evaluación de la actividad Web 2.0</title>
</item>
  <imsss:sequencing>
    <imsss:controlMode choice="true" choiceExit="true" flow="true" forwardOnly="false"/>
  </imsss:sequencing></item>
  <imsss:sequencing>
    <imsss:controlMode choice="true" choiceExit="true" flow="true" forwardOnly="false"/>
  </imsss:sequencing></item>
<item identifier="ITEM-eXeecto_Final5c40b7802445c8f8cee" isvisible="true">
    <title>Tema N° 2 Surgimiento de la Web Semántica.</title>
<item identifier="ITEM-eXeecto_Final5c40b7802445c8f8cef" isvisible="true" identifierref="RES-eXeecto_Final5c40b7802445c8f8ce10">
    <title>&lt;-</title>
</item>
<item identifier="ITEM-eXeecto_Final5c40b7802445c8f8ce11" isvisible="true" identifierref="RES-eXeecto_Final5c40b7802445c8f8ce12">
    <title>Evaluación de la web semántica</title>
</item>
  <imsss:sequencing>
    <imsss:controlMode choice="true" choiceExit="true" flow="true" forwardOnly="false"/>
  </imsss:sequencing></item>
<item identifier="ITEM-eXeecto_Final5c40b7802445c8f8d113" isvisible="true">
    <title>Tema N° 3 	El momento actual las proyecciones futuras de los avances tecnológicos.</title>
<item identifier="ITEM-eXeecto_Final5c40b7802445c8f8d114" isvisible="true" identifierref="RES-eXeecto_Final5c40b7802445c8f8d115">
    <title>&lt;-</title>
</item>
<item identifier="ITEM-eXeecto_Final5c40b7802445c8f8d116" isvisible="true" identifierref="RES-eXeecto_Final5c40b7802445c8f8d117">
    <title>Actividad de Evaluación tema N° 3</title>
</item>
  <imsss:sequencing>
    <imsss:controlMode choice="true" choiceExit="true" flow="true" forwardOnly="false"/>
  </imsss:sequencing></item>
<item identifier="ITEM-eXeecto_Final5c40b7802445c8f8d118" isvisible="true" identifierref="RES-eXeecto_Final5c40b7802445c8f8d119">
    <title>Referencias web.</title>
</item>
  <imsss:sequencing>
    <imsss:controlMode choice="true" choiceExit="true" flow="true" forwardOnly="false"/>
  </imsss:sequencing></item>
  <imsss:sequencing>
    <imsss:controlMode choice="true" choiceExit="true" flow="true" forwardOnly="false"/>
  </imsss:sequencing>  </organization>
</organizations>
<resources>
  <resource identifier="RES-eXeecto_Final5c40b7802445c8f8c95" type="webcontent" adlcp:scormType="sco" href="index.html"> 
    <file href="index.html"/> 
    <file href="exe_html5.js"/>
    <file href="bienvenido6.gif"/>
    <dependency identifierref="COMMON_FILES"/>
  </resource>
  <resource identifier="RES-eXeecto_Final5c40b7802445c8f8c98" type="webcontent" adlcp:scormType="sco" href="avances_tecnolgicos.html"> 
    <file href="avances_tecnolgicos.html"/> 
    <file href="exe_html5.js"/>
    <file href="importante1.jpg"/>
    <file href="evaluacion-gif-animado-3.gif"/>
    <dependency identifierref="COMMON_FILES"/>
  </resource>
  <resource identifier="RES-eXeecto_Final5c40b7802445c8f8c9b" type="webcontent" adlcp:scormType="sco" href="tema_n1aplicaciones_web_20.html"> 
    <file href="tema_n1aplicaciones_web_20.html"/> 
    <file href="exe_html5.js"/>
    <file href="WEB_2.0.jpg"/>
    <dependency identifierref="COMMON_FILES"/>
  </resource>
  <resource identifier="RES-eXeecto_Final5c40b7802445c8f8c9d" type="webcontent" adlcp:scormType="sco" href="evaluacin_de_la_actividad_web_20.html"> 
    <file href="evaluacin_de_la_actividad_web_20.html"/> 
    <file href="exe_html5.js"/>
    <file href="common.js"/>
    <dependency identifierref="COMMON_FILES"/>
  </resource>
  <resource identifier="RES-eXeecto_Final5c40b7802445c8f8ce10" type="webcontent" adlcp:scormType="sco" href="tema_n_2_surgimiento_de_la_web_semntica.html"> 
    <file href="tema_n_2_surgimiento_de_la_web_semntica.html"/> 
    <file href="exe_html5.js"/>
    <dependency identifierref="COMMON_FILES"/>
  </resource>
  <resource identifier="RES-eXeecto_Final5c40b7802445c8f8ce12" type="webcontent" adlcp:scormType="sco" href="evaluacin_de_la_web_semntica.html"> 
    <file href="evaluacin_de_la_web_semntica.html"/> 
    <file href="exe_html5.js"/>
    <file href="stock-stop.png"/>
    <file href="panel-amusements.png"/>
    <file href="common.js"/>
    <dependency identifierref="COMMON_FILES"/>
  </resource>
  <resource identifier="RES-eXeecto_Final5c40b7802445c8f8d115" type="webcontent" adlcp:scormType="sco" href="tema_n_3_el_momento_actual_las_proyecciones_futuras_de_los_avances_tecnolgicos.html"> 
    <file href="tema_n_3_el_momento_actual_las_proyecciones_futuras_de_los_avances_tecnolgicos.html"/> 
    <file href="exe_html5.js"/>
    <dependency identifierref="COMMON_FILES"/>
  </resource>
  <resource identifier="RES-eXeecto_Final5c40b7802445c8f8d117" type="webcontent" adlcp:scormType="sco" href="actividad_de_evaluacin_tema_n_3.html"> 
    <file href="actividad_de_evaluacin_tema_n_3.html"/> 
    <file href="exe_html5.js"/>
    <dependency identifierref="COMMON_FILES"/>
  </resource>
  <resource identifier="RES-eXeecto_Final5c40b7802445c8f8d119" type="webcontent" adlcp:scormType="sco" href="referencias_web.html"> 
    <file href="referencias_web.html"/> 
    <file href="exe_html5.js"/>
    <dependency identifierref="COMMON_FILES"/>
  </resource>
  <resource identifier="COMMON_FILES" type="webcontent" adlcp:scormType="asset">
    <file href="config.xml"/>
    <file href="content.css"/>
    <file href="icon_activity.gif"/>
    <file href="icon_assess.gif"/>
    <file href="icon_assignment.gif"/>
    <file href="icon_attention.gif"/>
    <file href="icon_calc.gif"/>
    <file href="icon_casestudy.gif"/>
    <file href="icon_define.gif"/>
    <file href="icon_diagnosis.gif"/>
    <file href="icon_discussion.gif"/>
    <file href="icon_experiment.gif"/>
    <file href="icon_e_gloss.gif"/>
    <file href="icon_e_journal.gif"/>
    <file href="icon_gallery.gif"/>
    <file href="icon_generic.gif"/>
    <file href="icon_inter.gif"/>
    <file href="icon_key_points.gif"/>
    <file href="icon_multimedia.gif"/>
    <file href="icon_objectives.gif"/>
    <file href="icon_preknowledge.gif"/>
    <file href="icon_present.gif"/>
    <file href="icon_question.gif"/>
    <file href="icon_reading.gif"/>
    <file href="icon_reflection.gif"/>
    <file href="icon_review.gif"/>
    <file href="icon_summary.gif"/>
    <file href="icon_synthesis.gif"/>
    <file href="icon_technology.gif"/>
    <file href="icon_time.gif"/>
    <file href="icon_web_resource.gif"/>
    <file href="my_header.jpg"/>
    <file href="my_header_fullscreen.jpg"/>
    <file href="my_hide_show.png"/>
    <file href="my_ims_header.jpg"/>
    <file href="my_js.js"/>
    <file href="my_list.gif"/>
    <file href="my_logo.jpg"/>
    <file href="my_nav_arrow.gif"/>
    <file href="nav.css"/>
    <file href="base.css"/>
    <file href="popup_bg.gif"/>
    <file href="SCORM_API_wrapper.js"/>
    <file href="SCOFunctions.js"/>
    <file href="common.js"/>
    <file href="common_i18n.js"/>
    <file href="exe_jquery.js"/>
  </resource>
</resources>
</manifest>
